[
    {
        "classes": [
            {
                "className": "MainWindow",
                "object": true,
                "qualifiedClassName": "MainWindow",
                "slots": [
                    {
                        "access": "public",
                        "arguments": [
                            {
                                "name": "index",
                                "type": "int"
                            }
                        ],
                        "name": "onSelect",
                        "returnType": "void"
                    },
                    {
                        "access": "public",
                        "arguments": [
                            {
                                "name": "index",
                                "type": "int"
                            },
                            {
                                "name": "checked",
                                "type": "bool"
                            }
                        ],
                        "name": "onCheck",
                        "returnType": "void"
                    }
                ],
                "superClasses": [
                    {
                        "access": "public",
                        "name": "QMainWindow"
                    }
                ]
            }
        ],
        "inputFile": "mainwindow.h",
        "outputRevision": 68
    }
]
